YEAR,DISTRICT,REPRESENTATIVE,PVI,CATEGORY
2018,CA-24,Salud Carbajal,D+7,LIKELY DEMOCRATIC
2018,FL-13,Charlie Crist,D+2,LIKELY DEMOCRATIC
2018,IA-02,David Loebsack,D+1,LIKELY DEMOCRATIC
2018,MN-07,Collin Peterson,R+12,LIKELY DEMOCRATIC
2018,NH-02,Ann Kuster,D+2,LIKELY DEMOCRATIC
2018,NY-03,Thomas Suozzi,D+1,LIKELY DEMOCRATIC
2018,NY-18,Sean Maloney,R+1,LIKELY DEMOCRATIC
2018,OR-05,Kurt Schrader,EVEN,LIKELY DEMOCRATIC
2018,PA-17,Keith Rothfus,R+3,LIKELY DEMOCRATIC
2018,WI-03,Ron Kind,EVEN,LIKELY DEMOCRATIC
2018,AZ-01,Tom O'Halleran,R+2,LEAN DEMOCRATIC
2018,CA-07,Ami Bera,D+3,LEAN DEMOCRATIC
2018,FL-07,Stephanie Murphy,EVEN,LEAN DEMOCRATIC
2018,FL-27,Open,D+5,LEAN DEMOCRATIC
2018,MN-08,Open,R+4,LEAN DEMOCRATIC
2018,NJ-05,Josh Gottheimer,R+3,LEAN DEMOCRATIC
2018,NV-04,Open,D+3,LEAN DEMOCRATIC
2018,MN-01,Open,R+5,TOSS-UP DEMOCRATIC
2018,NH-01,Open,R+2,TOSS-UP DEMOCRATIC
2018,NV-03,Open,R+2,TOSS-UP DEMOCRATIC
2018,CA-25,Steve Knight,EVEN,TOSS-UP REPUBLICAN
2018,CA-49,Open,R+1,TOSS-UP REPUBLICAN
2018,CO-06,Mike Coffman,D+2,TOSS-UP REPUBLICAN
2018,MN-02,Jason Lewis,R+2,TOSS-UP REPUBLICAN
2018,NE-02,Don Bacon,R+4,TOSS-UP REPUBLICAN
2018,NY-19,John Faso,R+2,TOSS-UP REPUBLICAN
2018,VA-10,Barbara Comstock,D+1,TOSS-UP REPUBLICAN
2018,AZ-02,Open,R+1,LEAN REPUBLICAN
2018,CA-10,Jeff Denham,EVEN,LEAN REPUBLICAN
2018,CA-39,Open,EVEN,LEAN REPUBLICAN
2018,CA-45,Mimi Walters,R+3,LEAN REPUBLICAN
2018,CA-48,Dana Rohrabacher,R+4,LEAN REPUBLICAN
2018,FL-26,Carlos Curbelo,D+6,LEAN REPUBLICAN
2018,GA-06,Karen Handel,R+8,LEAN REPUBLICAN
2018,IA-01,Rod Blum,D+1,LEAN REPUBLICAN
2018,IA-03,David Young,R+1,LEAN REPUBLICAN
2018,IL-06,Peter Roskam,R+2,LEAN REPUBLICAN
2018,IL-12,Mike Bost,R+5,LEAN REPUBLICAN
2018,KS-03,Kevin Yoder,R+4,LEAN REPUBLICAN
2018,MN-03,Erik Paulsen,D+1,LEAN REPUBLICAN
2018,NJ-07,Leonard Lance,R+3,LEAN REPUBLICAN
2018,NJ-11,Open,R+3,LEAN REPUBLICAN
2018,NY-22,Claudia Tenney,R+6,LEAN REPUBLICAN
2018,PA-06,Open,D+2,LEAN REPUBLICAN
2018,PA-08,Matthew Cartwright,R+1,LEAN REPUBLICAN
2018,TX-07,John Culberson,R+7,LEAN REPUBLICAN
2018,TX-23,Will Hurd,R+1,LEAN REPUBLICAN
2018,TX-32,Pete Sessions,R+5,LEAN REPUBLICAN
2018,CA-21,David Valadao,D+5,LIKELY REPUBLICAN
2018,FL-18,Brian Mast,R+5,LIKELY REPUBLICAN
2018,GA-07,Rob Woodall,R+9,LIKELY REPUBLICAN
2018,IL-13,Rodney Davis,R+3,LIKELY REPUBLICAN
2018,IL-14,Randy Hultgren,R+5,LIKELY REPUBLICAN
2018,KS-02,Open,R+10,LIKELY REPUBLICAN
2018,ME-02,Bruce Poliquin,R+2,LIKELY REPUBLICAN
2018,MI-08,Mike Bishop,R+4,LIKELY REPUBLICAN
2018,MI-11,Open,R+4,LIKELY REPUBLICAN
2018,MT-00,Greg Gianforte,R+11,LIKELY REPUBLICAN
2018,NC-09,Open,R+8,LIKELY REPUBLICAN
2018,NC-13,Ted Budd,R+6,LIKELY REPUBLICAN
2018,NJ-03,Tom MacArthur,R+2,LIKELY REPUBLICAN
2018,NM-02,Open,R+6,LIKELY REPUBLICAN
2018,NY-01,Lee Zeldin,R+5,LIKELY REPUBLICAN
2018,NY-24,John Katko,D+3,LIKELY REPUBLICAN
2018,OH-01,Steve Chabot,R+5,LIKELY REPUBLICAN
2018,OH-16,Open,R+8,LIKELY REPUBLICAN
2018,PA-07,Vacant,D+1,LIKELY REPUBLICAN
2018,PA-16,Mike Kelly,R+8,LIKELY REPUBLICAN
2018,VA-02,Scott Taylor,R+3,LIKELY REPUBLICAN
2018,VA-05,Open,R+6,LIKELY REPUBLICAN
2018,WA-08,Open,EVEN,LIKELY REPUBLICAN
2016,AZ-09,Kyrsten Sinema,R+1,LIKELY DEMOCRATIC
2016,CA-16,Jim Costa,D+7,LIKELY DEMOCRATIC
2016,CA-24,Open,D+4,LIKELY DEMOCRATIC
2016,CA-31,Pete Aguilar,D+5,LIKELY DEMOCRATIC
2016,CA-36,Raul Ruiz,R+1,LIKELY DEMOCRATIC
2016,CT-05,Elizabeth Esty,D+3,LIKELY DEMOCRATIC
2016,IA-02,Dave Loebsack,D+4,LIKELY DEMOCRATIC
2016,MD-06,John Delaney,D+4,LIKELY DEMOCRATIC
2016,MN-07,Collin Peterson,R+6,LIKELY DEMOCRATIC
2016,NY-04,Kathleen Rice,D+3,LIKELY DEMOCRATIC
2016,NY-18,Sean Patrick Maloney,EVEN,LIKELY DEMOCRATIC
2016,NY-25,Louise Slaughter,D+7,LIKELY DEMOCRATIC
2016,CA-07,Ami Bera,EVEN,LEAN DEMOCRATIC
2016,CA-52,Scott Peters,D+2,LEAN DEMOCRATIC
2016,FL-10,Dan Webster,R+6,LEAN DEMOCRATIC
2016,FL-13,Open,R+2,LEAN DEMOCRATIC
2016,MN-08,Rick Nolan,D+1,LEAN DEMOCRATIC
2016,NV-04,Cresent Hardy,D+4,LEAN DEMOCRATIC
2016,AZ-01,Open,R+4,TOSS-UP DEMOCRATIC
2016,FL-18,Open,R+3,TOSS-UP DEMOCRATIC
2016,NE-02,Brad Ashford,R+4,TOSS-UP DEMOCRATIC
2016,CO-06,Mike Coffman,D+1,TOSS-UP REPUBLICAN
2016,FL-26,Carlos Curbelo,R+1,TOSS-UP REPUBLICAN
2016,IL-10,Robert Dold,D+8,TOSS-UP REPUBLICAN
2016,IA-01,Rod Blum,D+5,TOSS-UP REPUBLICAN
2016,ME-02,Bruce Poliquin,D+2,TOSS-UP REPUBLICAN
2016,MN-02,Open,R+2,TOSS-UP REPUBLICAN
2016,NV-03,Open,EVEN,TOSS-UP REPUBLICAN
2016,NH-01,Frank Guinta,R+1,TOSS-UP REPUBLICAN
2016,NY-19,Open,D+1,TOSS-UP REPUBLICAN
2016,PA-08,Open,R+1,TOSS-UP REPUBLICAN
2016,TX-23,Will Hurd,R+3,TOSS-UP REPUBLICAN
2016,AZ-02,Martha McSally,R+3,LEAN REPUBLICAN
2016,CA-10,Jeff Denham,R+1,LEAN REPUBLICAN
2016,CA-21,David Valadao,D+2,LEAN REPUBLICAN
2016,CA-25,Steve Knight,R+3,LEAN REPUBLICAN
2016,FL-02,Gwen Graham,R+6,LEAN REPUBLICAN
2016,IA-03,David Young,EVEN,LEAN REPUBLICAN
2016,MI-01,Dan Benishek,R+5,LEAN REPUBLICAN
2016,MI-07,Tim Walberg,R+3,LEAN REPUBLICAN
2016,NJ-03,Tom MacArthur,R+1,LEAN REPUBLICAN
2016,NJ-05,Scott Garrett,R+4,LEAN REPUBLICAN
2016,NY-01,Lee Zeldin,R+2,LEAN REPUBLICAN
2016,NY-24,John Katko,D+5,LEAN REPUBLICAN
2016,VA-04,J. Randy Forbes,R+4,LEAN REPUBLICAN
2016,FL-07,John Mica,R+4,LIKELY REPUBLICAN
2016,IL-12,Mike Bost,EVEN,LIKELY REPUBLICAN
2016,IL-13,Rodney Davis,EVEN,LIKELY REPUBLICAN
2016,MI-08,Mike Bishop,R+2,LIKELY REPUBLICAN
2016,NM-02,Steve Pearce,R+5,LIKELY REPUBLICAN
2016,NY-11,Daniel Donovan,R+2,LIKELY REPUBLICAN
2016,NY-21,Elise Stefanik,EVEN,LIKELY REPUBLICAN
2016,NY-23,Tom Reed,R+3,LIKELY REPUBLICAN
2016,NC-09,Robert Pittenger,R+8,LIKELY REPUBLICAN
2016,PA-06,Ryan Costello,R+2,LIKELY REPUBLICAN
2016,UT-04,Mia Love,R+16,LIKELY REPUBLICAN
2016,VA-10,Barbara Comstock,R+2,LIKELY REPUBLICAN
2016,WV-02,Alex Mooney,R+11,LIKELY REPUBLICAN
2014,CA-03,John Garamendi,D+3,LIKELY DEMOCRATIC
2014,CA-09,Jerry McNerney,D+6,LIKELY DEMOCRATIC
2014,CA-16,Jim Costa,D+7,LIKELY DEMOCRATIC
2014,CA-24,Lois Capps,D+4,LIKELY DEMOCRATIC
2014,CA-41,Mark Takano,D+9,LIKELY DEMOCRATIC
2014,CT-05,Elizabeth Esty,D+3,LIKELY DEMOCRATIC
2014,FL-22,Lois Frankel,D+3,LIKELY DEMOCRATIC
2014,IL-11,Bill Foster,D+8,LIKELY DEMOCRATIC
2014,IA-01,Open,D+5,LIKELY DEMOCRATIC
2014,MN-07,Collin Peterson,R+6,LIKELY DEMOCRATIC
2014,NV-04,Steven Horsford,D+4,LIKELY DEMOCRATIC
2014,NH-02,Ann McLane Kuster,D+3,LIKELY DEMOCRATIC
2014,NY-24,Dan Maffei,D+5,LIKELY DEMOCRATIC
2014,WA-01,Suzan DelBene,D+4,LIKELY DEMOCRATIC
2014,AZ-09,Kyrsten Sinema,R+1,LEAN DEMOCRATIC
2014,CA-26,Julia Brownley,D+4,LEAN DEMOCRATIC
2014,GA-12,John Barrow,R+9,LEAN DEMOCRATIC
2014,IL-12,Bill Enyart,EVEN,LEAN DEMOCRATIC
2014,IL-17,Cheri Bustos,D+7,LEAN DEMOCRATIC
2014,ME-02,Open,D+2,LEAN DEMOCRATIC
2014,MA-06,John Tierney,D+4,LEAN DEMOCRATIC
2014,MN-08,Rick Nolan,D+1,LEAN DEMOCRATIC
2014,NY-01,Tim Bishop,R+2,LEAN DEMOCRATIC
2014,NY-18,Sean Patrick Maloney,EVEN,LEAN DEMOCRATIC
2014,NY-21,Bill Owens,EVEN,LEAN DEMOCRATIC
2014,NC-07,Mike McIntyre,R+12,LEAN DEMOCRATIC
2014,TX-23,Pete Gallego,R+3,LEAN DEMOCRATIC
2014,UT-04,Jim Matheson,R+16,LEAN DEMOCRATIC
2014,WV-03,Nick Rahall,R+14,LEAN DEMOCRATIC
2014,AZ-01,Ann Kirkpatrick,R+4,TOSS-UP DEMOCRATIC
2014,AZ-02,Ron Barber,R+3,TOSS-UP DEMOCRATIC
2014,CA-07,Ami Bera,EVEN,TOSS-UP DEMOCRATIC
2014,CA-36,Raul Ruiz,R+1,TOSS-UP DEMOCRATIC
2014,CA-52,Scott Peters,D+2,TOSS-UP DEMOCRATIC
2014,FL-18,Patrick Murphy,R+3,TOSS-UP DEMOCRATIC
2014,FL-26,Joe Garcia,R+1,TOSS-UP DEMOCRATIC
2014,IL-10,Brad Schneider,D+8,TOSS-UP DEMOCRATIC
2014,NH-01,Carol Shea-Porter,R+1,TOSS-UP DEMOCRATIC
2014,CA-31,Gary Miller,D+5,TOSS-UP REPUBLICAN
2014,CA-21,David Valadao,D+2,LEAN REPUBLICAN
2014,CO-06,Mike Coffman,D+1,LEAN REPUBLICAN
2014,FL-02,Steve Southerland,R+6,LEAN REPUBLICAN
2014,IL-13,Rodney Davis,EVEN,LEAN REPUBLICAN
2014,IN-02,Jackie Walorski,R+6,LEAN REPUBLICAN
2014,MI-01,Dan Benishek,R+5,LEAN REPUBLICAN
2014,NV-03,Joe Heck,EVEN,LEAN REPUBLICAN
2014,NY-11,Michael Grimm,R+2,LEAN REPUBLICAN
2014,NY-19,Chris Gibson,D+1,LEAN REPUBLICAN
2014,OH-14,David Joyce,R+4,LEAN REPUBLICAN
2014,WV-02,Open,R+11,LEAN REPUBLICAN
2014,AR-04,Open,R+15,LIKELY REPUBLICAN
2014,CA-10,Jeff Denham,R+1,LIKELY REPUBLICAN
2014,FL-10,Dan Webster,R+6,LIKELY REPUBLICAN
2014,FL-13,Bill Young,R+2,LIKELY REPUBLICAN
2014,IA-03,Tom Latham,EVEN,LIKELY REPUBLICAN
2014,IA-04,Steve King,R+5,LIKELY REPUBLICAN
2014,KY-06,Andy Barr,R+9,LIKELY REPUBLICAN
2014,MI-07,Tim Walberg,R+3,LIKELY REPUBLICAN
2014,MI-11,Kerry Bentivolio,R+4,LIKELY REPUBLICAN
2014,MN-02,John Kline,R+2,LIKELY REPUBLICAN
2014,NE-02,Lee Terry,R+4,LIKELY REPUBLICAN
2014,NY-23,Tom Reed,R+3,LIKELY REPUBLICAN
2014,OH-06,Bill Johnson,R+8,LIKELY REPUBLICAN
2014,PA-07,Pat Meehan,R+2,LIKELY REPUBLICAN
2014,PA-08,Mike Fitzpatrick,R+1,LIKELY REPUBLICAN
2014,VA-02,E. Scott Rigell,R+2,LIKELY REPUBLICAN
2014,WI-07,Sean Duffy,R+2,LIKELY REPUBLICAN
2012,AZ-08,Gabrielle Giffords,R+4,LIKELY DEMOCRATIC
2012,CA-03,John Garamendi,D+4,LIKELY DEMOCRATIC
2012,CA-16,Jim Costa,D+3,LIKELY DEMOCRATIC
2012,FL-03,Corrine Brown,D+18,LIKELY DEMOCRATIC
2012,IL-08,New Seat,D+5,LIKELY DEMOCRATIC
2012,IA-01,Bruce Braley,D+5,LIKELY DEMOCRATIC
2012,IA-02,Dave Loebsack,D+4,LIKELY DEMOCRATIC
2012,MA-10,Bill Keating,D+5,LIKELY DEMOCRATIC
2012,NJ-06,Frank Pallone,D+8,LIKELY DEMOCRATIC
2012,NJ-09,Steve Rothman,D+9,LIKELY DEMOCRATIC
2012,NJ-12,Rush Holt,D+5,LIKELY DEMOCRATIC
2012,NY-01,Tim Bishop,R+0,LIKELY DEMOCRATIC
2012,OR-01,VACANT (Wu),D+5,LIKELY DEMOCRATIC
2012,OR-05,Kurt Schrader,Even,LIKELY DEMOCRATIC
2012,PA-17,Tim Holden,R+6,LIKELY DEMOCRATIC
2012,TN-05,Jim Cooper,D+3,LIKELY DEMOCRATIC
2012,VA-11,Gerry Connolly,D+2,LIKELY DEMOCRATIC
2012,WA-02,Rick Larsen,D+3,LIKELY DEMOCRATIC
2012,WV-03,Nick Rahall,R+6,LIKELY DEMOCRATIC
2012,CA-09,Jerry McNerney,D+2,LEAN DEMOCRATIC
2012,CA-24,Lois Capps,D+3,LEAN DEMOCRATIC
2012,CA-47,New Seat,D+5,LEAN DEMOCRATIC
2012,CT-05,Open,D+2,LEAN DEMOCRATIC
2012,IL-10,Robert Dold,D+8,LEAN DEMOCRATIC
2012,IL-11,New Seat,D+6,LEAN DEMOCRATIC
2012,IL-17,Bobby Schilling,D+6,LEAN DEMOCRATIC
2012,KY-06,Ben Chandler,R+9,LEAN DEMOCRATIC
2012,NJ-08,Bill Pascrell,D+10,LEAN DEMOCRATIC
2012,NM-01,Open,D+5,LEAN DEMOCRATIC
2012,NY-23,Bill Owens,R+1,LEAN DEMOCRATIC
2012,NY-26,Kathy Hochul,R+6,LEAN DEMOCRATIC
2012,PA-04,Jason Altmire,R+6,LEAN DEMOCRATIC
2012,RI-01,David Cicilline,D+13,LEAN DEMOCRATIC
2012,CA-26,New Seat,D+3,TOSS-UP DEMOCRATIC
2012,CA-41,New Seat,D+2,TOSS-UP DEMOCRATIC
2012,IL-12,Open,D+2,TOSS-UP DEMOCRATIC
2012,IA-03,Merged,R+1,TOSS-UP DEMOCRATIC
2012,NC-07,Mike McIntyre,R+11,TOSS-UP DEMOCRATIC
2012,NC-11,Heath Shuler,R+13,TOSS-UP DEMOCRATIC
2012,PA-12,Mark Critz,R+1,TOSS-UP DEMOCRATIC
2012,UT-02,Jim Matheson,R+15,TOSS-UP DEMOCRATIC
2012,CA-07,Dan Lungren,R+4,TOSS-UP REPUBLICAN
2012,CA-21,New Seat,R+3,TOSS-UP REPUBLICAN
2012,CA-31,Jerry Lewis,D+2,TOSS-UP REPUBLICAN
2012,CA-52,Brian Bilbray,D+1,TOSS-UP REPUBLICAN
2012,FL-22,Allen West,D+1,TOSS-UP REPUBLICAN
2012,IL-13,Tim Johnson,D+1,TOSS-UP REPUBLICAN
2012,MD-06,Roscoe Bartlett,R+13,TOSS-UP REPUBLICAN
2012,NH-02,Charlie Bass,D+3,TOSS-UP REPUBLICAN
2012,NY-09,Bob Turner,D+5,TOSS-UP REPUBLICAN
2012,NY-25,Ann Marie Buerkle,D+3,TOSS-UP REPUBLICAN
2012,PA-11,Lou Barletta,D+4,TOSS-UP REPUBLICAN
2012,AR-04,Open,R+8,LEAN REPUBLICAN
2012,AZ-01,Paul Gosar,R+6,LEAN REPUBLICAN
2012,FL-08,Dan Webster,R+2,LEAN REPUBLICAN
2012,FL-25,David Rivera,R+5,LEAN REPUBLICAN
2012,GA-12,John Barrow,D+1,LEAN REPUBLICAN
2012,IA-04,Steve King,R+4,LEAN REPUBLICAN
2012,MN-08,Chip Cravaack,D+3,LEAN REPUBLICAN
2012,MO-02,Open,R+5,LEAN REPUBLICAN
2012,NV-03,Joe Heck,D+2,LEAN REPUBLICAN
2012,NH-01,Frank Guinta,R+0,LEAN REPUBLICAN
2012,NJ-03,Jon Runyan,R+1,LEAN REPUBLICAN
2012,NJ-07,Leonard Lance,R+3,LEAN REPUBLICAN
2012,NC-08,Larry Kissell,R+12,LEAN REPUBLICAN
2012,NC-13,New Seat,R +10,LEAN REPUBLICAN
2012,OH-06,Bill Johnson,R+2,LEAN REPUBLICAN
2012,OH-16,Jim Renacci,R+4,LEAN REPUBLICAN
2012,OH-18,Bob Gibbs,R+7,LEAN REPUBLICAN
2012,OK-02,Open,R+14,LEAN REPUBLICAN
2012,PA-07,Pat Meehan,D+3,LEAN REPUBLICAN
2012,PA-08,Mike Fitzpatrick,D+2,LEAN REPUBLICAN
2012,TX-23,Francisco Canseco,R+4,LEAN REPUBLICAN
2012,WA-08,Dave Reichert,D+3,LEAN REPUBLICAN
2012,WI-07,Sean Duffy,Even,LEAN REPUBLICAN
2012,AR-01,Rick Crawford,R+7,LIKELY REPUBLICAN
2012,AR-02,Tim Griffin,R+5,LIKELY REPUBLICAN
2012,AZ-03,Ben Quayle,R+9,LIKELY REPUBLICAN
2012,AZ-05,David Schweikert,R+5,LIKELY REPUBLICAN
2012,CA-10,Jeff Denham,R+4,LIKELY REPUBLICAN
2012,CA-45,John Campbell,R+7,LIKELY REPUBLICAN
2012,CO-03,Scott Tipton,R+5,LIKELY REPUBLICAN
2012,CO-04,Cory Gardner,R+6,LIKELY REPUBLICAN
2012,FL-10,C. W. Bill Young,R+1,LIKELY REPUBLICAN
2012,FL-16,Tom Rooney,R+5,LIKELY REPUBLICAN
2012,FL-24,Sandy Adams,R+4,LIKELY REPUBLICAN
2012,IN-02,Open,R+7,LIKELY REPUBLICAN
2012,IN-08,Larry Bucshon,R+7,LIKELY REPUBLICAN
2012,MD-01,Andy Harris,R+13,LIKELY REPUBLICAN
2012,MI-01,Dan Benishek,R+3,LIKELY REPUBLICAN
2012,MI-03,Justin Amash,R+6,LIKELY REPUBLICAN
2012,MI-07,Tim Walberg,R+1,LIKELY REPUBLICAN
2012,MI-11,Thad McCotter,R+1,LIKELY REPUBLICAN
2012,MN-02,John Kline,R+4,LIKELY REPUBLICAN
2012,MN-03,Erik Paulsen,R+0,LIKELY REPUBLICAN
2012,MN-06,Michele Bachmann,R+7,LIKELY REPUBLICAN
2012,MT-00,Open,R+7,LIKELY REPUBLICAN
2012,NE-02,Lee Terry,R+6,LIKELY REPUBLICAN
2012,NV-02,Mark Amodei,R+5,LIKELY REPUBLICAN
2012,NY-19,Nan Hayworth,R+3,LIKELY REPUBLICAN
2012,NY-20,Chris Gibson,R+2,LIKELY REPUBLICAN
2012,NY-24,Richard Hanna,R+2,LIKELY REPUBLICAN
2012,PA-03,Mike Kelly,R+3,LIKELY REPUBLICAN
2012,PA-06,Jim Gerlach,D+4,LIKELY REPUBLICAN
2012,PA-15,Charlie Dent,D+2,LIKELY REPUBLICAN
2012,TX-14,Open,R+18,LIKELY REPUBLICAN
2012,TX-27,Blake Farenthold,R+2,LIKELY REPUBLICAN
2012,WA-03,Jaime Herrera Beutler,D+0,LIKELY REPUBLICAN
2012,WV-01,David McKinley,R+9,LIKELY REPUBLICAN
2012,WI-08,Reid Ribble,R+2,LIKELY REPUBLICAN
2010,AR-04,Mike Ross,R+7,LIKELY DEMOCRATIC
2010,CA-18,Dennis Cardoza,D+4,LIKELY DEMOCRATIC
2010,DE-00,Open,D+7,LIKELY DEMOCRATIC
2010,GA-12,John Barrow,D+1,LIKELY DEMOCRATIC
2010,IL-08,Melissa Bean,R+1,LIKELY DEMOCRATIC
2010,KY-03,John Yarmuth,D+2,LIKELY DEMOCRATIC
2010,MA-05,Niki Tsongas,D+8,LIKELY DEMOCRATIC
2010,MA-06,John Tierney,D+7,LIKELY DEMOCRATIC
2010,NJ-06,Frank Pallone Jr.,D+8,LIKELY DEMOCRATIC
2010,NJ-12,Rush Holt,D+5,LIKELY DEMOCRATIC
2010,NM-03,Ben Ray Lujan,D+7,LIKELY DEMOCRATIC
2010,NY-04,Carolyn McCarthy,D+6,LIKELY DEMOCRATIC
2010,OH-10,Dennis Kucinich,D+8,LIKELY DEMOCRATIC
2010,OH-13,Betty Sutton,D+5,LIKELY DEMOCRATIC
2010,OR-01,David Wu,D+8,LIKELY DEMOCRATIC
2010,OR-04,Peter DeFazio,D+2,LIKELY DEMOCRATIC
2010,PA-17,Tim Holden,R+6,LIKELY DEMOCRATIC
2010,TN-05,Jim Cooper,D+3,LIKELY DEMOCRATIC
2010,WA-09,Adam Smith,D+5,LIKELY DEMOCRATIC
2010,WV-03,Nick Rahall,R+6,LIKELY DEMOCRATIC
2010,CA-47,Loretta Sánchez,D+4,LEAN DEMOCRATIC
2010,CO-07,Ed Perlmutter,D+4,LEAN DEMOCRATIC
2010,CT-04,Jim Himes,D+5,LEAN DEMOCRATIC
2010,CT-05,Chris Murphy,D+2,LEAN DEMOCRATIC
2010,IL-10,Open,D+6,LEAN DEMOCRATIC
2010,IA-01,Bruce Braley,D+5,LEAN DEMOCRATIC
2010,IA-02,Dave Loebsack,D+7,LEAN DEMOCRATIC
2010,IA-03,Leonard Boswell,D+1,LEAN DEMOCRATIC
2010,LA-02,Joseph Cao,D+25,LEAN DEMOCRATIC
2010,ME-02,Mike Michaud,D+3,LEAN DEMOCRATIC
2010,MA-04,Barney Frank,D+14,LEAN DEMOCRATIC
2010,MI-09,Gary Peters,D+2,LEAN DEMOCRATIC
2010,MN-01,Tim Walz,R+1,LEAN DEMOCRATIC
2010,MO-03,Russ Carnahan,D+7,LEAN DEMOCRATIC
2010,NY-13,Mike McMahon,R+4,LEAN DEMOCRATIC
2010,NY-22,Maurice Hinchey,D+6,LEAN DEMOCRATIC
2010,NY-25,Dan Maffei,D+3,LEAN DEMOCRATIC
2010,NC-02,Bob Etheridge,R+2,LEAN DEMOCRATIC
2010,NC-11,Heath Shuler,R+6,LEAN DEMOCRATIC
2010,PA-04,Jason Altmire,R+6,LEAN DEMOCRATIC
2010,PA-12,Mark Critz,R+1,LEAN DEMOCRATIC
2010,RI-01,Open,D+13,LEAN DEMOCRATIC
2010,TX-27,Soloman Ortiz,R+2,LEAN DEMOCRATIC
2010,UT-02,Jim Matheson,R+15,LEAN DEMOCRATIC
2010,WI-03,Ron Kind,D+4,LEAN DEMOCRATIC
2010,AL-02,Bobby Bright,R+16,TOSS-UP DEMOCRATIC
2010,AZ-05,Harry Mitchell,R+5,TOSS-UP DEMOCRATIC
2010,AZ-07,Raúl Grijalva,D+6,TOSS-UP DEMOCRATIC
2010,AZ-08,Gabrielle Giffords,R+4,TOSS-UP DEMOCRATIC
2010,CA-11,Jerry McNerney,R+1,TOSS-UP DEMOCRATIC
2010,CA-20,Jim Costa,D+5,TOSS-UP DEMOCRATIC
2010,CO-03,John Salazar,R+5,TOSS-UP DEMOCRATIC
2010,FL-22,Ron Klein,D+1,TOSS-UP DEMOCRATIC
2010,GA-02,"Sanford Bishop, Jr.",D+1,TOSS-UP DEMOCRATIC
2010,ID-01,Walt Minnick,R+18,TOSS-UP DEMOCRATIC
2010,IL-14,Bill Foster,R+1,TOSS-UP DEMOCRATIC
2010,IL-17,Phil Hare,D+3,TOSS-UP DEMOCRATIC
2010,IN-02,Joe Donnelly,R+2,TOSS-UP DEMOCRATIC
2010,IN-09,Baron Hill,R+6,TOSS-UP DEMOCRATIC
2010,KY-06,Ben Chandler,R+9,TOSS-UP DEMOCRATIC
2010,ME-01,Chellie Pingree,D+8,TOSS-UP DEMOCRATIC
2010,MA-10,Open,D+5,TOSS-UP DEMOCRATIC
2010,MI-07,Mark Schauer,R+2,TOSS-UP DEMOCRATIC
2010,MN-08,Jim Oberstar,D+3,TOSS-UP DEMOCRATIC
2010,MS-01,Travis Childers,R+14,TOSS-UP DEMOCRATIC
2010,MS-04,Gene Taylor,R+20,TOSS-UP DEMOCRATIC
2010,MO-04,Ike Skelton,R+14,TOSS-UP DEMOCRATIC
2010,NH-02,Open,D+3,TOSS-UP DEMOCRATIC
2010,NJ-03,John Adler,R+1,TOSS-UP DEMOCRATIC
2010,NM-01,Martin Heinrich,D+5,TOSS-UP DEMOCRATIC
2010,NY-01,Tim Bishop,R+0,TOSS-UP DEMOCRATIC
2010,NY-19,John Hall,R+3,TOSS-UP DEMOCRATIC
2010,NY-20,Scott Murphy,R+2,TOSS-UP DEMOCRATIC
2010,NY-23,Bill Owens,R+1,TOSS-UP DEMOCRATIC
2010,NY-24,Michael Arcuri,R+2,TOSS-UP DEMOCRATIC
2010,NC-07,Mike McIntyre,R+5,TOSS-UP DEMOCRATIC
2010,NC-08,Larry Kissell,R+2,TOSS-UP DEMOCRATIC
2010,ND-00,Earl Pomeroy,R+10,TOSS-UP DEMOCRATIC
2010,OH-06,Charlie Wilson,R+2,TOSS-UP DEMOCRATIC
2010,OH-16,John Boccieri,R+4,TOSS-UP DEMOCRATIC
2010,OH-18,Zack Space,R+7,TOSS-UP DEMOCRATIC
2010,OR-05,Kurt Schrader,D+1,TOSS-UP DEMOCRATIC
2010,PA-08,Patrick Murphy,D+2,TOSS-UP DEMOCRATIC
2010,PA-10,Chris Carney,R+8,TOSS-UP DEMOCRATIC
2010,PA-11,Paul Kanjorski,D+4,TOSS-UP DEMOCRATIC
2010,SC-05,John Spratt,R+7,TOSS-UP DEMOCRATIC
2010,SD-00,Stephanie Herseth Sandlin,R+9,TOSS-UP DEMOCRATIC
2010,TN-04,Lincoln Davis,R+13,TOSS-UP DEMOCRATIC
2010,TX-23,Ciro Rodriguez,R+4,TOSS-UP DEMOCRATIC
2010,VA-09,Rick Boucher,R+11,TOSS-UP DEMOCRATIC
2010,VA-11,Gerry Connolly,D+2,TOSS-UP DEMOCRATIC
2010,WA-02,Rick Larsen,D+3,TOSS-UP DEMOCRATIC
2010,WV-01,Open,R+9,TOSS-UP DEMOCRATIC
2010,WI-07,Open,D+3,TOSS-UP DEMOCRATIC
2010,HI-01,Charles Djou,D+11,TOSS-UP REPUBLICAN
2010,AZ-01,Ann Kirkpatrick,R+6,LEAN REPUBLICAN
2010,AZ-03,Open,R+9,LEAN REPUBLICAN
2010,AR-01,Open,R+8,LEAN REPUBLICAN
2010,CA-03,Dan Lungren,R+6,LEAN REPUBLICAN
2010,CO-04,Betsy Markey,R+6,LEAN REPUBLICAN
2010,FL-02,Allen Boyd,R+6,LEAN REPUBLICAN
2010,FL-12,Open,R+6,LEAN REPUBLICAN
2010,FL-24,Suzanne Kosmas,R+4,LEAN REPUBLICAN
2010,FL-25,Open,R+5,LEAN REPUBLICAN
2010,GA-08,Jim Marshall,R+10,LEAN REPUBLICAN
2010,IL-11,Debbie Halvorson,R+1,LEAN REPUBLICAN
2010,MD-01,Frank Kratovil,R+13,LEAN REPUBLICAN
2010,MI-01,Open,R+3,LEAN REPUBLICAN
2010,NV-03,Dina Titus,D+2,LEAN REPUBLICAN
2010,NH-01,Carol Shea-Porter,R+0,LEAN REPUBLICAN
2010,NM-02,Harry Teague,R+6,LEAN REPUBLICAN
2010,OH-01,Steve Driehaus,D+1,LEAN REPUBLICAN
2010,OH-15,Mary Jo Kilroy,D+1,LEAN REPUBLICAN
2010,PA-03,Kathy Dahlkemper,R+3,LEAN REPUBLICAN
2010,PA-07,Open,D+3,LEAN REPUBLICAN
2010,TX-17,Chet Edwards,R+20,LEAN REPUBLICAN
2010,VA-02,Glenn Nye,R+5,LEAN REPUBLICAN
2010,VA-05,Tom Perriello,R+5,LEAN REPUBLICAN
2010,WA-03,Open,D+0,LEAN REPUBLICAN
2010,WI-08,Steve Kagen,R+2,LEAN REPUBLICAN
2010,AL-05,Open,R+12,LIKELY REPUBLICAN
2010,AR-02,Open,R+5,LIKELY REPUBLICAN
2010,FL-08,Alan Grayson,R+2,LIKELY REPUBLICAN
2010,IN-08,Open,R+8,LIKELY REPUBLICAN
2010,KS-03,Open,R+3,LIKELY REPUBLICAN
2010,LA-03,Open,R+12,LIKELY REPUBLICAN
2010,MN-06,Michele Bachmann,R+7,LIKELY REPUBLICAN
2010,NE-02,Lee Terry,R+6,LIKELY REPUBLICAN
2010,NY-29,Vacant,R+5,LIKELY REPUBLICAN
2010,OH-12,Patrick Tiberi,D+1,LIKELY REPUBLICAN
2010,PA-06,Jim Gerlach,D+4,LIKELY REPUBLICAN
2010,PA-15,Charlie Dent,D+2,LIKELY REPUBLICAN
2010,TN-06,Open,R+13,LIKELY REPUBLICAN
2010,TN-08,Open,R+6,LIKELY REPUBLICAN
2010,WA-08,Dave Reichert,D+3,LIKELY REPUBLICAN